movie_title,avg_sentiment,num_comments,avg_comment_score
Avatar The Way of Water,0.064752,25,2468.32
Barbie,0.209268,25,3595.68
Black Panther Wakanda Forever,0.096548,25,2870.92
Dune Part Two,0.331268,25,4759.0
John Wick Chapter 4,0.13195199999999999,25,2168.6
Nope,0.136204,25,2577.04
Oppenheimer,0.086336,25,3810.52
The Batman,0.176968,25,3248.24
The Super Mario Bros Movie,0.120336,25,3344.48
Top Gun Maverick,0.16145600000000002,25,3390.16
