movie_title,avg_sentiment,num_comments,avg_comment_score,Domestic Box Office,International Box Office,Worldwide Box Office
Avatar The Way of Water,0.064752,25,2468.32,684075767,1636174514,2320250281
Barbie,0.209268,25,3595.68,636785476,807673753,1444459229
Black Panther Wakanda Forever,0.096548,25,2870.92,453829060,405379776,859208836
Dune Part Two,0.331268,25,4759.0,282709065,432002455,714711520
John Wick Chapter 4,0.1319519999999999,25,2168.6,187131806,253188772,440320578
Nope,0.136204,25,2577.04,123277080,48762007,172039087
Oppenheimer,0.086336,25,3810.52,330078895,646185644,976264539
The Batman,0.176968,25,3248.24,369612903,401247477,770860380
The Super Mario Bros Movie,0.120336,25,3344.48,574934330,784212298,1359146628
Top Gun Maverick,0.161456,25,3390.16,718732821,735268289,1454001110
